"","Species","shape","scale","location","adjust"
"1","ABBA",1.62117599049787,5.37092723276917,0,6.57739625458161
"2","PIST",1,24.5517649525725,0,20
